word,count
的,36053
一,12680
是,10897
有,9424
在,9011
人,8499
不,8058
大,6019
中,6011
為,5889
以,5793
國,5759
會,5551
上,5037
了,4896
我,4777
年,4736
時,4543
來,4504
這,4437
他,4359
出,4260
個,4068
可,4054
到,3978
生,3914
公,3841
也,3748
要,3723
成,3653
之,3559
十,3549
業,3524
而,3509
台,3435
地,3428
資,3426
於,3401
行,3385
能,3308
就,3226
對,3221
多,3149
後,3076
及,3026
電,3007
與,2988
家,2976
學,2965
自,2921
發,2916
經,2913
和,2888
所,2876
市,2859
們,2784
作,2771
過,2726
得,2712
下,2709
新,2682
分,2641
動,2629
用,2620
日,2619
說,2611
因,2596
子,2568
長,2554
理,2525
心,2524
法,2523
方,2489
三,2463
事,2423
前,2419
者,2409
民,2392
現,2361
都,2351
如,2345
高,2336
天,2293
主,2289
司,2289
外,2282
等,2269
開,2232
本,2210
美,2203
但,2194
網,2186
機,2174
同,2173
場,2169
工,2121
股,2108
當,2108
最,2100
定,2091
面,2050
金,2048
路,2048
政,2028
力,2018
然,2014
文,2010
部,2009
車,2008
其,1983
體,1983
將,1974
此,1950
小,1942
進,1934
產,1919
表,1901
好,1894
全,1859
間,1850
提,1829
種,1828
性,1821
情,1820
加,1815
務,1814
月,1810
由,1787
內,1783
五,1777
相,1734
關,1725
重,1715
實,1694
設,1693
著,1652
二,1649
訊,1644
利,1643
代,1639
位,1639
並,1634
灣,1624
已,1622
品,1622
意,1612
去,1611
化,1595
看,1586
起,1580
合,1577
或,1510
四,1508
教,1501
投,1495
度,1492
計,1476
明,1473
期,1470
區,1466
點,1457
員,1455
元,1453
還,1452
選,1448
使,1433
無,1420
沒,1417
正,1408
報,1408
統,1403
手,1399
常,1389
商,1388
物,1384
只,1374
應,1371
從,1368
問,1362
活,1361
式,1355
些,1354
你,1351
九,1348
北,1340
兩,1333
立,1316
建,1316
至,1310
基,1310
名,1305
服,1303
入,1298
很,1292
各,1290
水,1284
百,1282
女,1276
想,1272
第,1267
次,1259
道,1253
那,1251
科,1250
目,1242
腦,1242
價,1233
處,1229
果,1226
比,1225
總,1214
更,1211
影,1208
回,1207
麼,1202
萬,1197
她,1192
世,1175
六,1167
再,1164
通,1160
八,1146
特,1140
黨,1136
則,1132
受,1124
每,1119
供,1110
程,1110
示,1107
交,1102
接,1101
書,1099
展,1095
被,1093
認,1086
界,1077
東,1073
題,1059
信,1055
身,1054
七,1053
社,1053
數,1051
今,1050
指,1049
樣,1049
變,1045
醫,1042
知,1039
向,1037
造,1032
導,1017
做,1014
華,1013
才,1011
未,1011
原,1009
保,1005
專,1003
觀,1001
解,1000
己,997
院,993
限,981
安,978
任,972
讓,970
感,969
際,965
線,965
球,961
色,958
近,957
共,956
少,955
先,948
營,944
運,936
管,935
海,932
何,931
樂,925
平,924
西,916
結,916
包,914
持,914
系,912
達,908
光,905
別,900
見,900
氣,899
又,893
戰,892
規,887
頭,887
口,885
話,885
整,884
較,882
老,881
師,879
求,877
反,876
風,873
空,872
量,871
愛,870
告,868
議,867
技,865
案,864
術,861
調,855
像,854
類,852
太,851
即,848
林,845
視,844
許,840
亞,839
連,839
記,836
該,834
府,832
收,830
權,828
製,827
真,821
型,818
斯,818
辦,814
且,809
強,809
單,809
治,807
南,807
非,803
縣,802
傳,800
件,798
論,797
費,795
卻,794
份,787
制,784
料,783
義,778
企,774
率,772
放,765
除,764
山,761
證,758
望,754
容,753
必,750
流,745
約,744
團,743
畫,742
打,739
直,739
幾,735
廣,734
改,726
李,723
港,721
研,720
取,719
舉,714
片,712
把,711
清,711
決,710
具,710
站,710
買,704
形,703
銷,701
音,700
標,700
帶,698
集,695
親,694
友,686
花,686
組,685
完,681
裡,680
格,679
兒,673
備,672
給,672
往,670
門,670
英,669
言,667
聯,666
需,665
查,663
易,660
預,660
局,656
士,655
消,654
便,653
星,653
另,651
象,646
票,645
房,643
張,642
千,641
介,641
香,639
項,638
請,638
勢,627
推,626
什,625
命,622
質,616
病,615
始,612
住,611
客,610
座,607
難,605
引,604
參,603
圖,599
演,597
精,596
覺,596
陳,594
考,593
器,590
究,589
眾,587
店,586
環,580
轉,574
濟,573
續,573
軍,571
德,571
委,570
神,570
獲,570
隊,567
助,566
半,564
旅,564
走,560
馬,559
購,556
創,555
曾,555
它,552
興,550
裝,549
例,547
底,547
劃,536
功,535
增,534
快,533
括,532
賣,531
支,530
藝,530
爭,529
陸,529
遊,529
顯,528
卡,527
響,526
仍,524
據,523
步,518
配,518
準,518
失,517
財,517
希,515
爾,515
億,515
效,514
維,511
雖,510
廠,508
識,505
深,503
克,502
食,501
境,501
土,500
育,498
校,498
態,498
拉,497
售,497
算,497
協,495
洲,495
眼,495
候,492
火,489
室,488
省,488
值,488
速,488
係,486
白,483
須,482
紀,480
領,480
邊,480
屋,478
首,478
排,477
列,475
否,472
源,472
鄉,471
免,469
防,469
顧,469
況,468
確,467
存,466
滿,466
王,465
超,463
景,462
官,461
致,461
照,459
修,458
園,458
輕,456
極,455
談,455
史,454
男,454
般,454
令,453
聲,452
級,450
遠,450
找,448
念,448
策,448
賽,445
驗,444
母,443
段,443
登,443
昨,442
孩,441
隨,441
歡,437
款,434
施,433
雄,432
館,432
斷,431
雜,431
軟,430
死,428
歷,428
熱,427
思,425
職,424
石,423
早,418
採,417
節,416
離,416
福,415
養,415
構,414
依,412
甚,412
健,412
警,412
落,411
切,410
檢,410
銀,408
吃,407
錢,407
聽,407
歲,405
條,404
字,403
息,401
喜,401
布,399
紹,399
周,398
號,397
蔣,397
乎,396
油,396
置,396
簡,394
足,393
密,393
聞,392
護,392
若,391
皮,389
版,389
媽,389
試,388
戶,386
嗎,386
屬,386
貨,385
羅,385
習,384
頁,383
益,383
升,381
險,381
里,380
居,379
素,379
層,379
根,377
負,376
雙,375
印,373
角,372
父,369
細,369
餘,368
紅,365
牌,364
黃,364
寫,363
積,363
錄,362
壓,362
責,361
臺,361
嚴,361
康,359
獨,359
古,358
休,357
班,357
模,357
青,355
留,355
停,355
稱,355
融,355
讀,354
詢,353
討,352
飛,348
季,347
均,346
劇,346
波,345
血,343
絕,342
似,339
注,339
歐,339
派,337
適,337
願,337
送,335
訴,335
擇,335
愈,334
誌,333
初,331
券,328
衛,328
察,327
夫,326
戲,326
講,326
夠,324
狀,323
婦,323
透,322
額,322
跟,321
盡,320
優,319
拿,318
農,318
止,317
黑,316
材,315
板,315
語,313
害,312
筆,311
蘭,311
換,310
餐,310
擊,310
假,309
晚,309
富,309
味,308
故,307
徵,307
央,306
破,305
族,305
擔,305
療,305
良,304
尼,303
架,301
評,301
僅,301
練,300
永,299
執,298
越,298
控,297
朋,296
盤,296
充,294
差,294
稅,294
善,294
久,293
異,293
傷,292
寶,292
群,290
藥,290
終,289
漸,289
跌,288
左,287
媒,287
尋,287
巴,286
威,286
幅,286
村,284
競,284
午,283
復,282
榮,282
待,281
航,281
啡,279
硬,278
臨,278
降,275
課,275
短,273
佳,272
播,272
承,271
樓,271
租,270
逐,269
溫,269
補,267
錯,267
律,266
陽,266
奇,265
庫,265
魚,264
測,264
阿,263
怎,263
酒,263
幣,263
席,262
刻,261
答,261
低,260
救,259
歌,258
刊,257
症,257
退,257
博,257
右,256
肉,256
移,256
江,255
某,254
智,254
鎮,253
申,252
含,252
妳,252
漲,252
輝,252
龍,252
夜,251
殺,251
呢,250
歸,250
急,248
突,247
婚,247
庭,246
普,246
週,246
激,246
繼,246
追,245
章,245
析,244
宣,244
略,243
訪,243
城,242
洋,242
飯,242
缺,241
童,241
疑,241
附,240
宜,239
汽,238
訓,237
吳,236
亦,234
暴,232
編,232
幫,232
禮,232
麗,232
訂,231
唱,231
減,231
盟,231
頓,231
範,231
吸,230
咖,230
紙,230
菜,229
織,228
射,227
避,227
套,226
域,226
微,226
懷,226
核,225
緊,224
您,223
彈,223
靈,222
冷,221
檔,221
判,220
怕,220
誰,220
膚,219
零,218
碼,218
趣,218
獎,217
志,216
抗,216
典,216
促,216
聖,216
憲,216
臉,216
宗,215
烈,215
痛,215
笑,214
豐,214
仁,212
竹,212
玩,211
圍,211
順,211
吧,210
擁,210
匯,208
概,208
革,207
牠,205
苦,205
閒,205
階,205
剛,204
哥,204
舊,204
刺,203
背,203
迷,203
針,203
勞,202
嘉,202
京,201
虛,201
索,200
危,199
粉,199
尤,198
倒,198
納,198
慮,198
擬,198
廿,197
亮,197
隻,197
野,197
勝,197
街,197
巨,196
武,195
副,195
攝,195
瑞,194
綠,194
尚,193
彩,193
損,193
楚,193
碟,193
謂,193
謝,193
泰,192
腳,192
緯,192
績,192
毛,191
估,191
困,191
竟,191
互,190
飲,190
藏,190
衣,189
幕,189
輸,189
鐵,189
牛,188
抽,188
草,188
葉,188
衝,188
州,187
述,187
木,186
叫,186
恐,186
掉,186
船,186
釣,186
按,185
探,185
米,184
慢,184
舞,184
禁,183
釋,183
岸,182
散,182
跳,182
伯,181
春,181
染,181
擴,181
哪,180
盛,180
絲,180
穩,180
貿,179
籍,178
兵,177
河,177
堅,177
慶,177
蘇,177
堂,176
潮,176
遭,176
雨,175
夢,175
審,175
靜,175
享,174
挑,174
圓,173
付,172
啟,172
延,171
迎,171
島,171
敗,171
援,171
爸,170
乾,170
惠,170
輪,170
輛,169
築,169
鐘,169
廳,169
曲,168
固,168
熟,168
束,167
操,167
幸,166
拍,166
畢,166
監,166
宋,165
陣,165
震,165
壞,165
批,164
載,164
障,164
坐,163
沙,163
哈,163
麥,163
靠,163
洛,162
淡,162
壽,162
倫,161
樹,161
藉,161
犯,160
淨,160
署,160
呼,159
諮,159
鍵,159
鮮,159
守,158
倍,158
蛋,157
劉,157
癌,157
既,156
鬆,156
驚,156
尺,155
攻,155
穿,155
授,155
揮,155
搭,155
吉,154
封,154
惡,154
慧,154
佛,153
雅,153
隆,152
債,152
董,152
秀,151
怪,151
誠,151
緒,151
毒,150
掌,150
診,150
賓,150
趨,150
坡,149
田,148
桌,148
棒,148
湖,148
貸,148
輔,148
露,148
占,147
抱,147
楊,147
撥,147
肯,146
潛,146
燒,146
佔,145
屆,145
忠,145
紛,145
暗,145
脫,144
端,144
齡,144
序,143
罪,143
飾,143
忙,142
努,142
旁,142
茶,142
簽,142
弟,141
晶,141
森,141
湯,141
跑,141
覽,141
予,140
甲,140
宏,140
漫,140
賞,140
棄,139
頂,139
蔡,139
縮,139
亡,138
唯,138
澤,138
玉,137
拜,137
託,137
朝,137
距,137
雷,137
誤,137
搶,136
複,136
旗,135
燈,135
緣,134
籌,134
弱,133
捷,133
敏,133
遇,133
頻,133
圾,132
貝,132
垃,132
洗,132
祖,132
揚,132
韓,132
俄,131
浪,131
符,131
貼,131
輯,131
私,130
欣,130
秋,130
貴,130
詩,130
寬,130
招,129
植,129
呈,128
閉,128
悲,128
鄭,128
髮,128
鏡,128
柯,127
亂,127
澳,127
戴,127
邀,127
折,126
冠,126
宮,126
紐,126
啊,126
尊,126
憶,126
觸,126
宅,125
狗,125
漢,125
儀,125
旦,123
圈,123
患,123
累,123
途,123
遺,123
培,122
蓋,122
豪,122
仔,121
坪,121
夏,121
廢,121
箱,121
蕭,121
翻,121
抵,120
松,120
駐,120
籃,120
鬥,119
偶,119
溪,119
慣,119
橋,119
奶,118
厚,118
盈,118
勒,118
握,118
菸,118
鼓,118
緩,118
姓,117
泥,117
遍,117
諾,117
麵,117
恩,116
蓮,116
藍,116
爆,116
乏,115
池,115
桃,115
陰,115
隔,115
潔,115
篇,115
乃,114
君,114
徒,114
涉,114
販,114
塔,114
濃,114
仲,113
游,113
傾,113
賺,113
蟲,113
句,112
巧,112
屏,112
烏,112
喝,112
塑,112
摩,112
肝,111
皆,111
替,111
幹,111
趕,111
豬,111
儘,111
沈,110
妻,110
雲,110
塊,110
蒐,110
忘,109
鳥,109
櫃,109
昌,108
振,107
液,107
嫌,107
寧,107
耳,106
骨,106
麻,106
詳,106
隱,106
帳,105
賴,105
戀,105
丁,104
牙,104
召,104
肌,104
炎,104
詞,104
搖,104
床,103
俗,103
迫,103
純,103
傑,103
勵,103
羊,102
伴,102
映,102
毫,102
殘,102
塞,102
煩,102
駛,102
繁,102
顏,102
丹,101
址,101
侵,101
柔,101
胞,101
莫,101
勤,101
跨,101
違,101
帝,100
掛,100
敢,100
睡,100
獻,100
贏,100
邦,99
拒,99
勇,99
殊,99
疾,99
偏,99
描,99
萊,99
溝,99
覆,99
凡,98
坦,98
孫,98
婆,98
稍,98
廚,98
憂,98
撞,98
擺,98
幼,97
刑,97
忍,97
刷,97
忽,97
珍,97
兼,97
曼,97
窗,97
舒,97
鋼,97
沿,96
梅,96
聊,96
擾,96
阻,95
浮,95
陷,95
凱,95
循,95
滑,95
暫,95
柏,94
疫,94
蒙,94
雞,94
辭,94
尖,93
姆,93
冒,93
敦,93
蒂,93
黎,93
默,93
谷,92
俱,92
逃,92
偷,92
絡,92
臟,92
伊,91
扁,91
措,91
陪,91
奧,91
滾,91
遷,91
衡,91
遲,91
扣,90
洪,90
祇,90
徐,90
菌,90
駕,90
干,89
兄,89
側,89
堆,89
寄,89
菲,89
督,89
敵,89
譯,89
孔,88
祝,88
裁,88
綜,88
膜,88
閱,88
醒,88
礎,88
伸,87
災,87
辛,87
唐,87
祥,87
酸,87
頗,87
壇,87
謀,87
末,86
莊,86
稿,86
壁,86
托,85
尾,85
抓,85
焦,85
奪,85
聚,85
鎖,85
繪,85
冰,84
返,84
耐,84
欲,84
袋,84
郭,84
剩,84
裂,84
膠,84
瓦,83
併,83
彼,83
芳,83
迪,83
插,83
閣,83
貓,83
贈,83
伍,82
妨,82
珠,82
番,82
廖,82
魔,82
氛,81
胡,81
捕,81
掃,81
刀,80
借,80
峰,80
偉,80
蜂,80
妙,79
甜,79
酬,79
銘,79
盧,79
宇,78
役,78
沉,78
挫,78
瑜,78
碰,78
餅,78
朱,77
孝,77
怨,77
混,77
懂,77
攤,77
晨,76
淑,76
喪,76
曉,76
薪,76
姿,75
割,75
郵,75
跡,75
罰,75
螢,75
艾,74
牢,74
豆,74
勉,74
苗,74
陶,74
殖,74
睛,74
槍,74
齊,74
糖,74
卅,73
幻,73
捐,73
貶,73
魯,73
鑑,73
杯,72
貞,72
脈,72
荷,72
雪,72
薄,72
串,71
沖,71
狂,71
俊,71
乘,71
惜,71
慈,71
榜,71
劑,71
憑,71
雕,71
准,70
徑,70
脂,70
瓶,70
裕,70
賭,70
瞭,70
呂,69
戒,69
巡,69
玲,69
剪,69
獅,69
截,69
貌,69
踏,69
奮,69
嬰,69
灰,68
姊,68
拆,68
采,68
宿,68
暢,68
禍,68
攀,68
蟻,68
扮,67
拖,67
泡,67
赴,67
鬼,67
淚,67
猶,67
搜,67
滅,67
蜜,67
鞋,67
顆,67
欄,67
仰,66
粗,66
敬,66
腸,66
嘗,66
嘴,66
罷,66
擎,66
牆,66
丸,65
杜,65
砂,65
茂,65
哲,65
娛,65
袖,65
喊,65
漏,65
鳳,65
鬧,65
邁,65
鴻,65
冬,64
迅,64
卷,64
胃,64
慎,64
氏,63
汙,63
拚,63
恢,63
炸,63
皇,63
朗,63
疏,63
莉,63
彰,63
爐,63
躍,63
冊,62
甘,62
夾,62
肥,62
胎,62
棉,62
辜,62
膽,62
魏,62
鷹,62
妹,61
勁,61
娼,61
崇,61
盒,61
辨,61
儲,61
虧,61
贊,61
勸,61
孕,60
臣,60
奈,60
岩,60
昆,60
恆,60
氧,60
械,60
喬,60
椅,60
葛,60
慘,60
潤,60
誼,60
誕,60
鄰,60
懼,60
茲,59
桿,59
逢,59
搬,59
償,59
嚇,59
醬,59
艦,59
瓜,58
吋,58
妥,58
姻,58
津,58
凍,58
耗,58
偵,58
涵,58
眷,58
揭,58
渡,58
賀,58
廉,58
磁,58
腐,58
賢,58
橫,58
伺,57
坑,57
妝,57
舍,57
貢,57
煙,57
腹,57
坊,56
弄,56
姐,56
垂,56
耶,56
埔,56
瑪,56
慰,56
墨,56
闆,56
斤,55
哭,55
衰,55
悉,55
盜,55
賠,55
螺,55
礙,55
鹽,55
洞,54
淋,54
毀,54
綁,54
酷,54
緻,54
螂,54
諸,54
譜,54
乳,53
奉,53
泌,53
邱,53
挖,53
暑,53
棟,53
誘,53
醉,53
汁,52
甫,52
爬,52
浴,52
閃,52
煮,52
僑,52
碩,52
赫,52
厲,52
縱,52
蹤,52
灘,52
叔,51
秒,51
凌,51
添,51
撐,51
霸,51
讚,51
吊,50
朵,50
扭,50
孤,50
拓,50
旺,50
泛,50
郎,50
斑,50
腫,50
漁,50
腿,50
遞,50
撲,50
撒,50
噸,50
擠,50
騎,50
川,49
兆,49
吹,49
杉,49
芝,49
烤,49
釘,49
彭,49
煌,49
慾,49
磨,49
叢,49
扶,48
抑,48
肚,48
虎,48
娜,48
寒,48
腔,48
募,48
暖,48
敲,48
魅,48
燃,48
螞,48
螳,48
寵,48
仙,47
狄,47
泳,47
咬,47
泉,47
梁,47
涼,47
渴,47
滋,47
脹,47
徹,47
噴,47
濾,47
忌,46
妮,46
押,46
抬,46
洽,46
偽,46
掩,46
淺,46
詹,46
鼎,46
弊,46
摸,46
寮,46
輩,46
驅,46
屈,45
拔,45
肩,45
苓,45
宴,45
紋,45
牽,45
貫,45
註,45
夥,45
瑰,45
趙,45
鼻,45
燕,45
繫,45
芬,44
怒,44
珊,44
盾,44
啦,44
涯,44
鹿,44
棗,44
欽,44
軸,44
馳,44
厭,44
暨,44
龐,44
鬱,44
壯,43
彷,43
炒,43
咳,43
堪,43
裔,43
漂,43
銅,43
蝶,43
錦,43
盪,43
耀,43
丈,42
伏,42
旬,42
尿,42
赤,42
疼,42
紗,42
蚤,42
迴,42
烹,42
貪,42
堡,42
琪,42
腎,42
嘛,42
遙,42
膨,42
騰,42
譽,42
允,41
牡,41
彿,41
怡,41
昂,41
契,41
昭,41
眉,41
哦,41
埋,41
浦,41
脅,41
惱,41
愉,41
琳,41
紫,41
脾,41
碎,41
逼,41
飽,41
摘,41
翼,41
獵,41
函,40
枝,40
玫,40
祕,40
秦,40
梯,40
惑,40
填,40
搞,40
碗,40
獄,40
颱,40
稽,40
鄧,40
鋒,40
龜,40
鍾,40
轎,40
礦,40
辯,40
囊,40
鑽,40
丟,39
旨,39
劫,39
岡,39
糾,39
勃,39
浩,39
紡,39
胸,39
猛,39
帽,39
殼,39
聘,39
窩,39
窮,39
箭,39
糊,39
褪,39
蘆,39
蘋,39
罐,39
征,38
屍,38
巷,38
竿,38
倚,38
栗,38
荒,38
敖,38
稀,38
毅,38
銳,38
蹄,38
擦,38
磯,38
檳,38
灑,38
纖,38
卜,37
桑,37
眠,37
逮,37
溢,37
賃,37
撰,37
締,37
凝,37
噢,37
鮑,37
闢,37
斥,36
旭,36
余,36
姑,36
抹,36
敘,36
旋,36
爽,36
痕,36
頃,36
湧,36
廈,36
碧,36
潑,36
潭,36
擋,36
謹,36
蟹,36
籤,36
邏,36
籲,36
坤,35
削,35
哀,35
屑,35
捲,35
棲,35
琴,35
塗,35
榔,35
煞,35
瑟,35
鼠,35
塵,35
噪,35
臂,35
艱,35
馨,35
肺,34
茄,34
娘,34
峽,34
柴,34
秤,34
秩,34
貧,34
寓,34
焚,34
肅,34
撤,34
瘋,34
餌,34
蔬,34
蝴,34
曆,34
藤,34
懸,34
彎,34
襲,34
寸,33
汗,33
奔,33
拋,33
沾,33
幽,33
柱,33
悅,33
脆,33
逆,33
寂,33
捨,33
趁,33
傲,33
墓,33
墊,33
綿,33
廟,33
憤,33
罵,33
蝦,33
諷,33
鍋,33
繞,33
藩,33
夕,32
伙,32
呀,32
拼,32
倉,32
栽,32
疲,32
巢,32
敞,32
欺,32
筋,32
嘆,32
賜,32
餵,32
黛,32
灌,32
匹,31
矛,31
亨,31
兌,31
吞,31
吻,31
卓,31
孟,31
怖,31
歧,31
恨,31
軌,31
扇,31
捉,31
啤,31
崩,31
悠,31
罩,31
滴,31
漠,31
綱,31
蓄,31
遜,31
瘤,31
彌,31
騙,31
嚼,31
躁,31
纏,31
驟,31
纜,31
穴,30
寺,30
宙,30
奏,30
枯,30
卿,30
挺,30
框,30
曹,30
傅,30
睪,30
鉤,30
歉,30
誓,30
墜,30
慕,30
糕,30
褲,30
謊,30
黏,30
壤,30
譬,30
騷,30
籠,30
竊,30
勾,29
卸,29
侯,29
恰,29
拾,29
悄,29
狼,29
窄,29
郡,29
勘,29
喚,29
晴,29
葬,29
鈴,29
漆,29
魁,29
魂,29
澄,29
諒,29
趟,29
濱,29
篷,29
蕾,29
爛,29
井,28
汰,28
披,28
昏,28
盼,28
郊,28
挽,28
耕,28
猜,28
祭,28
羞,28
甦,28
催,28
爺,28
頒,28
僵,28
劍,28
履,28
憐,28
撫,28
瘦,28
頸,28
聰,28
謙,28
蹈,28
懶,28
顛,28
犧,28
髒,28
舌,27
抨,27
枚,27
沮,27
叛,27
倆,27
浸,27
臭,27
惟,27
雀,27
傢,27
喉,27
翔,27
毓,27
煤,27
葡,27
膀,27
醇,27
齒,27
翰,27
糟,27
鍊,27
繩,27
霧,27
鵬,27
釀,27
歹,26
丙,26
弘,26
仿,26
兇,26
恬,26
炳,26
牲,26
埃,26
悔,26
翅,26
莎,26
蚵,26
訣,26
悶,26
棋,26
菊,26
萄,26
媳,26
鳴,26
璃,26
踐,26
憩,26
擅,26
襄,26
闊,26
蠍,26
麟,26
矚,26
勻,25
圳,25
佐,25
卵,25
盯,25
佩,25
昔,25
肢,25
玻,25
苑,25
衍,25
韋,25
辱,25
婉,25
斜,25
淘,25
堤,25
廊,25
睹,25
腺,25
艇,25
躲,25
滯,25
賦,25
蕩,25
縫,25
璧,25
闖,25
斗,24
欠,24
卑,24
卦,24
狠,24
胖,24
狹,24
粒,24
喻,24
遂,24
榕,24
竭,24
粹,24
翠,24
裸,24
墾,24
薩,24
臘,24
癢,24
飄,24
鑼,24
劣,23
吐,23
羽,23
妓,23
刮,23
矽,23
肪,23
柚,23
盆,23
拳,23
晉,23
瓷,23
逛,23
鈔,23
塌,23
碌,23
碑,23
虞,23
蒼,23
駁,23
鋁,23
罹,23
諧,23
輻,23
遵,23
霍,23
鵝,23
獸,23
鶴,23
疊,23
凸,22
乖,22
拌,22
祈,22
陌,22
宰,22
矩,22
埠,22
蛇,22
覓,22
逝,22
椒,22
萃,22
菁,22
菱,22
腰,22
逾,22
瞄,22
裹,22
辣,22
踩,22
鋪,22
鴨,22
濫,22
壘,22
瀏,22
竄,22
糧,22
轟,22
扎,21
仗,21
夷,21
廷,21
沫,21
姚,21
娟,21
烘,21
脊,21
豈,21
掀,21
晤,21
喔,21
壺,21
廂,21
逸,21
嫁,21
瑕,21
嫩,21
粽,21
膏,21
蒸,21
漿,21
遮,21
憾,21
穎,21
嚐,21
瞬,21
謠,21
轄,21
醜,21
霜,21
攜,21
癮,21
驕,21
侍,20
帕,20
庚,20
牧,20
俐,20
炮,20
范,20
衫,20
剝,20
宵,20
殷,20
翁,20
屠,20
淵,20
喀,20
慨,20
棵,20
棚,20
睞,20
稚,20
羨,20
裙,20
僚,20
寡,20
屢,20
熊,20
碳,20
嘲,20
樁,20
躺,20
艘,20
爵,20
礁,20
薰,20
繭,20
藻,20
于,19
巾,19
玄,19
后,19
哇,19
彥,19
缸,19
倡,19
荐,19
笨,19
訝,19
揆,19
湊,19
歇,19
溼,19
葵,19
詮,19
鉗,19
滲,19
肇,19
蒲,19
蜥,19
蜴,19
遣,19
槽,19
蓬,19
贖,19
鑿,19
犬,18
妃,18
呆,18
汪,18
姍,18
宛,18
岳,18
邸,18
侶,18
昧,18
桂,18
掙,18
梭,18
愁,18
慌,18
楷,18
溶,18
煥,18
寞,18
甄,18
酵,18
嘿,18
稻,18
橘,18
霖,18
頰,18
瀉,18
癒,18
瓊,18
疇,18
圭,17
吵,17
尬,17
抒,17
罕,17
迄,17
佰,17
剁,17
呵,17
枋,17
臥,17
芽,17
娃,17
姦,17
柵,17
耍,17
剖,17
剔,17
匪,17
茫,17
衷,17
匙,17
戚,17
舶,17
筍,17
蛛,17
酥,17
雇,17
彙,17
溜,17
誇,17
飼,17
撕,17
澎,17
皺,17
餓,17
燙,17
尷,17
輿,17
懲,17
穫,17
韻,17
鯨,17
饒,17
襯,17
攬,17
乙,16
勿,16
屯,16
呎,16
坍,16
盲,16
姨,16
帥,16
拱,16
哩,16
悍,16
畜,16
堵,16
庸,16
桶,16
逗,16
喇,16
筒,16
蛙,16
塢,16
肆,16
摔,16
摧,16
潘,16
鞏,16
儒,16
膩,16
艙,16
燥,16
矯,16
謎,16
隸,16
櫥,16
攔,16
瀰,16
囉,16
鰻,16
蘿,16
髓,16
云,15
仕,15
扔,15
冶,15
屁,15
旱,15
弧,15
沼,15
俏,15
苛,15
虐,15
虹,15
冤,15
冥,15
悟,15
崔,15
彬,15
聆,15
渥,15
萍,15
萎,15
煎,15
煉,15
僕,15
墅,15
寥,15
蓉,15
蝕,15
潰,15
蔓,15
澀,15
糞,15
鍛,15
雛,15
簿,15
齣,15
叉,14
卉,14
朴,14
孚,14
抖,14
俠,14
咪,14
歪,14
癸,14
倦,14
俾,14
挾,14
梳,14
飢,14
偕,14
唸,14
寇,14
崛,14
淹,14
淪,14
犁,14
陵,14
喧,14
渣,14
袱,14
証,14
韌,14
惹,14
詭,14
賈,14
鉛,14
摺,14
榴,14
羯,14
蔭,14
橡,14
禦,14
縛,14
錫,14
嶼,14
嶺,14
擱,14
謗,14
瞻,14
鑄,14
鹼,14
乍,13
匆,13
汀,13
匠,13
汐,13
佑,13
吾,13
辰,13
阪,13
卒,13
咒,13
帖,13
芭,13
邵,13
俘,13
柳,13
砍,13
哺,13
圃,13
峻,13
恭,13
捏,13
晃,13
掘,13
掏,13
眺,13
喲,13
奠,13
嵌,13
揉,13
棺,13
傻,13
睦,13
賄,13
嗽,13
嘎,13
銜,13
穀,13
蔽,13
蔚,13
醃,13
撼,13
撿,13
窺,13
蕙,13
懇,13
糙,13
薯,13
霞,13
釐,13
鎊,13
嚥,13
壢,13
蠻,13
戈,12
凹,12
叮,12
叩,12
叭,12
奴,12
弗,12
伐,12
弛,12
妒,12
抉,12
扯,12
沛,12
矣,12
肖,12
杭,12
芙,12
畏,12
栩,12
浚,12
畔,12
軒,12
捧,12
疵,12
笙,12
紮,12
莖,12
訟,12
晰,12
椎,12
渾,12
窘,12
嗜,12
嗯,12
愧,12
跪,12
靶,12
僱,12
綺,12
蜘,12
儂,12
幟,12
敷,12
樞,12
毆,12
踢,12
樸,12
磚,12
穆,12
燦,12
聳,12
瀑,12
癖,12
竅,12
蟬,12
蘊,12
鱷,12
豔,12
划,11
曳,11
汝,11
聿,11
沐,11
汲,11
邪,11
阮,11
咕,11
咀,11
忿,11
拘,11
泣,11
泊,11
秉,11
俟,11
奎,11
拯,11
茅,11
迥,11
倖,11
凋,11
恥,11
疹,11
耽,11
耿,11
酌,11
婪,11
掠,11
捱,11
斬,11
紳,11
莞,11
酗,11
婷,11
媚,11
媛,11
飪,11
嗅,11
暇,11
殿,11
滄,11
瑚,11
萱,11
誦,11
嬌,11
緬,11
澡,11
濁,11
燉,11
諱,11
遼,11
瓣,11
疆,11
麒,11
闡,11
鑰,11
仇,10
凶,10
爪,10
札,10
坎,10
抄,10
皂,10
枕,10
俞,10
垮,10
洶,10
珀,10
趴,10
郁,10
株,10
茱,10
豹,10
陡,10
匿,10
屜,10
崎,10
崑,10
彗,10
梧,10
梨,10
淫,10
痊,10
逕,10
喘,10
廁,10
粥,10
嫂,10
搏,10
瑛,10
腥,10
裴,10
輒,10
儉,10
墮,10
璋,10
磅,10
蔔,10
蔥,10
褐,10
鴉,10
樺,10
篤,10
濛,10
濤,10
瞪,10
瞧,10
薇,10
嚮,10
轍,10
鞭,10
曝,10
鬚,10
弔,9
囚,9
舟,9
刪,9
匣,9
巫,9
灸,9
甸,9
阱,9
兔,9
咎,9
妾,9
杰,9
亭,9
剎,9
咨,9
咽,9
拭,9
柬,9
炭,9
俯,9
桐,9
栓,9
氨,9
祟,9
躬,9
淒,9
窒,9
脖,9
揣,9
斐,9
棘,9
棧,9
焙,9
詛,9
詐,9
雯,9
嫉,9
暈,9
溯,9
瑙,9
稠,9
蛻,9
遏,9
寨,9
嶄,9
廓,9
禎,9
箏,9
翡,9
銖,9
墳,9
撓,9
瑩,9
磊,9
窯,9
緝,9
豎,9
憊,9
澱,9
隧,9
頹,9
曖,9
檜,9
燭,9
瞳,9
輾,9
燻,9
鎔,9
壟,9
攏,9
鹹,9
櫻,9
鶯,9
黯,9
顫,9
鑲,9
弓,8
毋,8
甩,8
扛,8
吝,8
吟,8
杏,8
沃,8
咐,8
奄,8
拐,8
枉,8
哉,8
姜,8
炯,8
倘,8
倪,8
厝,8
娩,8
挨,8
殉,8
浙,8
爹,8
祐,8
茹,8
茗,8
梓,8
盔,8
笛,8
逍,8
傍,8
傘,8
喃,8
惰,8
惶,8
萌,8
詠,8
鈞,8
馮,8
塘,8
媲,8
楓,8
溺,8
痴,8
睜,8
遑,8
雋,8
頑,8
兢,8
槓,8
滬,8
瑣,8
瘍,8
綻,8
蒜,8
膝,8
銬,8
霉,8
魄,8
懊,8
濂,8
螃,8
豫,8
薛,8
鞠,8
駿,8
擲,8
檻,8
闔,8
瀟,8
瀕,8
簷,8
蠅,8
鬍,8
嚨,8
癥,8
藹,8
殲,8
霹,8
鑒,8
攪,8
釁,8
乞,7
卯,7
氾,7
吏,7
扼,7
杖,7
芒,7
劾,7
岱,7
炙,7
罔,7
咸,7
哄,7
咱,7
垣,7
恍,7
拷,7
柑,7
苟,7
迭,7
陋,7
挪,7
珮,7
茵,7
兜,7
匾,7
啞,7
崙,7
御,7
涎,7
焉,7
烽,7
脣,7
豚,7
婿,7
湛,7
鈕,7
鈍,7
隅,7
嗣,7
愚,7
搗,7
暉,7
楠,7
矮,7
綑,7
馴,7
漬,7
熔,7
熄,7
睽,7
綴,7
綸,7
閥,7
髦,7
嘯,7
撈,7
磋,7
賤,7
橄,7
膳,7
蕃,7
蕪,7
諜,7
踴,7
遴,7
餡,7
嚀,7
燴,7
禪,7
簇,7
薔,7
謬,7
軀,7
譏,7
蹲,7
孀,7
瀾,7
繽,7
囂,7
蠟,7
巒,7
黴,7
囑,7
蠶,7
靂,7
魘,7
刁,6
刃,6
孑,6
尹,6
曰,6
帆,6
牟,6
肋,6
妖,6
灼,6
怯,6
泄,6
亟,6
怠,6
拮,6
炫,6
砌,6
胚,6
哨,6
娓,6
耙,6
胰,6
袁,6
迺,6
冕,6
啄,6
啃,6
婁,6
崖,6
晝,6
梢,6
淇,6
眶,6
翎,6
莘,6
袍,6
喂,6
徨,6
愕,6
棕,6
毯,6
湘,6
焰,6
猴,6
絞,6
絨,6
腕,6
剷,6
祿,6
窟,6
筠,6
葦,6
葫,6
遁,6
酪,6
隘,6
頌,6
撇,6
瑤,6
睿,6
誡,6
餃,6
嘻,6
墟,6
憫,6
摯,6
暮,6
樟,6
瘡,6
膛,6
擂,6
臻,6
錶,6
閻,6
頤,6
擘,6
穗,6
膿,6
薑,6
遽,6
醣,6
醞,6
鍍,6
鍰,6
鴿,6
嚕,6
翹,6
顎,6
廬,6
譚,6
譎,6
鵡,6
襪,6
譴,6
霾,6
欖,6
驥,6
鸚,6
兮,5
夭,5
叨,5
妄,5
奸,5
朽,5
吼,5
庇,5
扳,5
灶,5
芋,5
沸,5
疙,5
芹,5
軋,5
陀,5
侮,5
剋,5
哎,5
恤,5
殃,5
盃,5
祉,5
倩,5
峭,5
恕,5
悚,5
盎,5
眩,5
砸,5
羔,5
耘,5
荊,5
埤,5
奢,5
悼,5
惕,5
淮,5
莽,5
啼,5
棍,5
犀,5
琢,5
痘,5
硝,5
蛤,5
軼,5
閑,5
雁,5
嗚,5
徬,5
楔,5
禽,5
裘,5
鄒,5
靖,5
凳,5
慷,5
榨,5
榻,5
熙,5
綽,5
閩,5
隙,5
嘶,5
嬉,5
幢,5
撩,5
澆,5
熬,5
瘩,5
瘟,5
磐,5
緞,5
蝸,5
踝,5
醋,5
噹,5
橙,5
瞞,5
穌,5
篩,5
蕉,5
褥,5
諺,5
鋸,5
霎,5
斂,5
斃,5
繆,5
螫,5
錨,5
檬,5
檸,5
瀆,5
濺,5
曠,5
瀝,5
爍,5
矇,5
簾,5
襟,5
靡,5
礫,5
蘑,5
儼,5
鷗,5
几,4
孓,4
仆,4
丘,4
皿,4
忖,4
臼,4
伶,4
吭,4
吩,4
忱,4
禿,4
迂,4
咄,4
戕,4
斧,4
祁,4
咻,4
垢,4
奕,4
姪,4
峙,4
柄,4
殆,4
牴,4
苞,4
迦,4
倌,4
俸,4
俺,4
崁,4
恣,4
悖,4
晏,4
涓,4
狸,4
祠,4
紜,4
虔,4
蚊,4
釜,4
凰,4
啪,4
孰,4
尉,4
庶,4
惋,4
捻,4
淤,4
眸,4
絀,4
莓,4
逞,4
喋,4
喳,4
唾,4
孳,4
弼,4
愣,4
摒,4
氯,4
渦,4
渺,4
渝,4
渙,4
琥,4
皓,4
絮,4
鈣,4
馭,4
塚,4
塭,4
搓,4
斟,4
滔,4
猷,4
瑯,4
盞,4
祺,4
稜,4
稟,4
筷,4
粵,4
虜,4
蜀,4
誅,4
閘,4
雍,4
僧,4
僥,4
嘀,4
嗷,4
嘟,4
孵,4
嶇,4
彆,4
愿,4
瘧,4
箔,4
綢,4
綵,4
蓓,4
賒,4
銓,4
雌,4
嘮,4
嘩,4
廝,4
憧,4
憬,4
戮,4
瞑,4
蔑,4
蝙,4
豌,4
輟,4
鋅,4
駝,4
諦,4
諭,4
踵,4
錐,4
駭,4
嶽,4
徽,4
曙,4
檀,4
瞰,4
禧,4
臀,4
蟀,4
蟋,4
鎂,4
錘,4
闌,4
黝,4
殯,4
獷,4
贅,4
馥,4
鯊,4
瀚,4
禱,4
繹,4
羸,4
蹶,4
蹺,4
鏟,4
鏈,4
鏗,4
颼,4
攘,4
鏽,4
鐸,4
鐲,4
齦,4
聾,4
壩,4
癱,4
矗,4
鷺,4
籬,4
冗,3
厄,3
丕,3
冉,3
匝,3
仟,3
矢,3
禾,3
丞,3
吁,3
虫,3
佇,3
佣,3
呃,3
吮,3
吠,3
妊,3
沁,3
汨,3
肘,3
肛,3
佯,3
侖,3
侏,3
冽,3
呻,3
呷,3
弦,3
拂,3
拙,3
泓,3
阜,3
咦,3
宦,3
屎,3
恃,3
柩,3
炬,3
牯,3
疤,3
矜,3
禹,3
紉,3
茁,3
苜,3
酋,3
唷,3
哼,3
唆,3
唉,3
娠,3
朔,3
狽,3
眨,3
茸,3
啖,3
啜,3
帷,3
悸,3
掬,3
捩,3
梗,3
氫,3
淳,3
淆,3
焊,3
猖,3
翌,3
莢,3
趾,3
堯,3
壹,3
寐,3
惻,3
痣,3
痙,3
絢,3
菩,3
貯,3
鄂,3
傭,3
嗓,3
嗆,3
椰,3
猿,3
稔,3
窠,3
綏,3
葷,3
蛹,3
賊,3
靴,3
麂,3
僮,3
匱,3
嘈,3
寢,3
摟,3
榭,3
漾,3
澈,3
窪,3
緇,3
蒞,3
誣,3
誨,3
骯,3
僻,3
劈,3
噗,3
憎,3
撮,3
槳,3
瞎,3
瞇,3
瞌,3
箴,3
篆,3
蓿,3
蝠,3
蝨,3
霄,3
鞍,3
駒,3
骷,3
噬,3
懈,3
橢,3
瞠,3
瞥,3
羲,3
蹂,3
骸,3
骼,3
鴦,3
鴛,3
濘,3
獰,3
轅,3
齋,3
甕,3
穢,3
簧,3
簣,3
臍,3
蹦,3
鯉,3
瀛,3
瀨,3
羹,3
躇,3
騖,3
鵲,3
懺,3
蠔,3
蠕,3
饑,3
籐,3
蠢,3
贓,3
躊,3
髏,3
龔,3
巖,3
攣,3
鑣,3
鷥,3
饞,3
躪,3
鑾,3
丐,2
仄,2
叼,2
亙,2
伕,2
夙,2
屹,2
戍,2
汕,2
刨,2
吶,2
吱,2
囪,2
杞,2
甬,2
芍,2
侃,2
佻,2
呱,2
咚,2
帘,2
拈,2
拗,2
沱,2
泱,2
炊,2
狐,2
疝,2
疚,2
祀,2
肴,2
芥,2
剌,2
咯,2
垠,2
姣,2
弭,2
徊,2
柿,2
毗,2
氟,2
玳,2
甭,2
茉,2
倣,2
倨,2
唔,2
姬,2
涕,2
琉,2
畝,2
笆,2
耆,2
胱,2
胴,2
茴,2
訌,2
訕,2
訖,2
軔,2
娶,2
崢,2
庵,2
庾,2
徙,2
徘,2
悴,2
惦,2
悽,2
悻,2
敝,2
晦,2
梵,2
梆,2
梔,2
梟,2
淙,2
淌,2
涸,2
笠,2
絃,2
荼,2
袞,2
訛,2
赦,2
傀,2
啻,2
啾,2
堰,2
掣,2
揍,2
揖,2
棠,2
氮,2
渲,2
渠,2
湮,2
湍,2
溉,2
猥,2
猩,2
琵,2
竣,2
筏,2
腋,2
腆,2
菅,2
詔,2
貂,2
貽,2
跛,2
酣,2
嗇,2
慄,2
慍,2
愾,2
搪,2
楞,2
滂,2
滇,2
煦,2
瑁,2
瘀,2
瘁,2
痱,2
睫,2
碘,2
碉,2
粱,2
絹,2
腮,2
蜃,2
豢,2
貲,2
賅,2
軾,2
辟,2
釉,2
隕,2
雉,2
鳩,2
嘔,2
嫗,2
嫣,2
慟,2
慚,2
槁,2
榷,2
槌,2
漓,2
滌,2
煽,2
瘓,2
箋,2
舔,2
蜿,2
閡,2
閨,2
閤,2
靼,2
嫻,2
憔,2
潦,2
潸,2
潺,2
獗,2
皚,2
碾,2
翩,2
褒,2
諄,2
遨,2
鋤,2
麾,2
冀,2
噥,2
噱,2
撻,2
擄,2
擒,2
熾,2
瓢,2
盥,2
縈,2
翱,2
錠,2
靦,2
駱,2
儡,2
嚎,2
嚏,2
嬪,2
檄,2
濠,2
縷,2
繃,2
罄,2
臃,2
膺,2
蟑,2
褻,2
鍥,2
瀋,2
聶,2
謨,2
鵑,2
黠,2
櫚,2
璽,2
藕,2
譁,2
鏢,2
曦,2
朧,2
瓏,2
竇,2
糯,2
躉,2
躅,2
齟,2
儷,2
懾,2
醺,2
驀,2
騾,2
鰭,2
巔,2
懿,2
躑,2
韃,2
齬,2
蘸,2
蠱,2
饜,2
驛,2
癲,2
羈,2
鬢,2
鸞,2
匕,1
丑,1
仞,1
叱,1
弁,1
扒,1
乓,1
伉,1
匈,1
吆,1
吒,1
夸,1
并,1
戎,1
阡,1
佃,1
囤,1
妍,1
岐,1
岑,1
岔,1
沌,1
佬,1
咆,1
咋,1
帛,1
帑,1
庖,1
怔,1
戾,1
杳,1
歿,1
氓,1
狎,1
狙,1
玟,1
穹,1
竺,1
羌,1
虱,1
俑,1
俎,1
剃,1
匍,1
咫,1
宥,1
弈,1
恪,1
拴,1
枸,1
洱,1
狩,1
玷,1
赳,1
韭,1
冢,1
哮,1
宸,1
屐,1
悌,1
晒,1
晌,1
朕,1
桓,1
桀,1
桅,1
浬,1
烊,1
砧,1
砥,1
窈,1
紊,1
紕,1
罟,1
胭,1
臬,1
舫,1
蚣,1
袂,1
訐,1
逅,1
釗,1
偃,1
倏,1
匐,1
唬,1
唳,1
婢,1
恿,1
悵,1
惘,1
惚,1
捫,1
涮,1
淞,1
猙,1
琅,1
瓠,1
畦,1
皎,1
硫,1
窕,1
缽,1
脩,1
舷,1
莒,1
莠,1
蛀,1
豉,1
釦,1
釧,1
厥,1
孱,1
嵐,1
巽,1
惺,1
揀,1
揪,1
湃,1
甥,1
痞,1
粟,1
腑,1
舜,1
菠,1
蛔,1
詁,1
貳,1
賁,1
跋,1
跚,1
跆,1
鈐,1
閔,1
隋,1
飭,1
黍,1
嗤,1
嗡,1
媾,1
幌,1
搔,1
楨,1
榆,1
牒,1
畸,1
痰,1
睬,1
睥,1
睨,1
蜈,1
衙,1
詫,1
詰,1
詣,1
詬,1
輊,1
飴,1
馱,1
嘖,1
塹,1
嫦,1
旖,1
榫,1
槐,1
漳,1
箕,1
筵,1
箝,1
綾,1
臧,1
蓀,1
褚,1
輓,1
鄙,1
骰,1
噓,1
噎,1
慫,1
憚,1
樊,1
瘠,1
磕,1
稼,1
蔗,1
褓,1
諉,1
諂,1
賬,1
閭,1
颳,1
餒,1
駑,1
駙,1
麩,1
嬴,1
暹,1
樵,1
澹,1
縑,1
蕊,1
褫,1
覦,1
諫,1
霓,1
餞,1
鬨,1
壕,1
孺,1
懦,1
櫛,1
濡,1
磷,1
簍,1
糜,1
膾,1
蟒,1
褶,1
覬,1
謄,1
豁,1
蹋,1
蹊,1
邂,1
颶,1
騁,1
鮪,1
戳,1
朦,1
簫,1
繡,1
罈,1
觴,1
蹣,1
鞦,1
餾,1
懵,1
簸,1
隴,1
鶉,1
鵪,1
麓,1
嚷,1
孽,1
攙,1
礪,1
辮,1
纂,1
贍,1
鰓,1
蠣,1
鐮,1
鐳,1
鐺,1
驃,1
囈,1
孿,1
癬,1
籟,1
霽,1
韁,1
鱔,1
鱗,1
讒,1
韆,1
顱,1
驢,1
黷,1
